,Unnamed: 0,Text,Category
1,1,"
تا پايان سال 1378 دهها زمين فوتبال و 
سالن ورزش براي كارگران ساخته مي شود 
تا پايان سال 1378 براي گسترش ورزش كارگران 27 زمين چمن فوتبال 21 
پيست دووميداني 51 زمين بازي چند منظوره و 6 استخر شناي سرپوشيده 
به همراه ساير تاسيسات و امكانات جانبي آماده بهره برداري خواهد 
شد. 
به گزارش روابط عمومي سازمان برنامه و بودجه ايجاد و توسعه 467 
هزار و 829 متر مربع فضاي ورزشي كارگران مورد موافقت اين سازمان و 
وزارت كار و امور اجتماعي قرار گرفت. 
اين گزارش حاكي است طرح فوق با اعتباري معادل 51 ميليارد و750 
ميليون ريال به اجرا درمي آيد و در مجموع 392 هزار ومتر 19 مربع 
فضاي ورزشي روباز و 75 هزار و 810 متر مربع فضاي سرپوشيده ورزشي را 
شامل مي شود. 
اين طرح شامل 21 پروژه دراستانهاي مركزي مازندران گيلان 
آذربايجان كرمانشاه، شرقي، خوزستان، خراسان، كرمان، اصفهان، 
سيستان هرمزگان، و بلوچستان، همدان، ايلام، زنجان، چهارمحال و 
 بختياري، كهكيلويه و بويراحمد، سمنان، يزد، تهران و اردبيل است. 
",Sport
2,2,"
انجمن توليدكنندگان تجهيزات صنعت نفت تشكيل شد 
نخستين مجمع عمومي انجمن توليدكنندگان تجهيزات صنعت نفت 
ايران 5 مهرماه از ساعت 8 لغايت 22 در محل مجموعه فرهنگي 
ورزشي نهاد رياست جمهوري واقع در انتهاي بزرگراه آفريقا، 
كوي الهيه خيابان شهيد فياضي ( فرشته ) پلاك 124 با شركت 
برخي از معاونان وزارت نفت و همچنين نمايندگان مجلس 
شوراي اسلامي برگزار مي شود. 
",Economy
3,3,"
كرتين براي سومين بار نخست وزير كانادا 
شد 
ژان كرتين نخست وزير كانادا با پيروزي در انتخابات اين 
كشور براي سومين دور پياپي در سمت خود ابقا شد. 
به گزارش شبكه خبري بي. بي. سي، شبكه هاي خبري كانادا 
اعلام كردند، نتايج اوليه آرا نشان مي دهد، حزب ليبرال 
كرتين پيروز شده است و براي سومين بار دولت تشكيل مي دهد. 
در نيم قرن گذشته اين اولين بار است كه يك نخست وزير در 
كانادا براي سه دوره متوالي در مقام خود ابقا مي شود. 
",Miscellaneous.World News
4,4,"
خداحافظ رفقا 
نمايندگان اروپاي شرقي در جام 2002 
بابك كمانگري 
هنگامي كه ديوار آهنين كمونيسم از جنوب آسيا در روسيه تا مرزهاي شمالي اروپا بر پا 
شد برخي، آن را مهم ترين رخداد قرن بيستم اروپا دانسته در حالي كه فروپاشي همان 
ديوار در اواخر قرن به كلي شمايل همه زندگي را عوض كرد، شمايل همه زندگي و همه 
فوتبال. 
وقتي روس ها در اكتبر 1917 با انقلابشان تاريخ جديدي را در شرق اروپا رقم زدند 
هيچ كس فكر نمي كرد چه سرنوشتي در انتظار اروپا خواهد بود، اروپايي كه با دو تكه 
 شدنش، همه مولفه هاي اجتماعي نيز بين شرق و غرب تقسيم شرقي ها شد در پس نظام نوين 
سياسي و اقتصادي كمونيستي در برابر غربي ها با چنگ و دندان تلاش كردند تا معيارهاي 
سرمايه داري را بي ارزش نشان دهند به همين دليل ورزش به عنوان يكي از شاخصه هاي 
سياسي اجتماعي نزد چپ ها، ارزش وراي تربيت جسم و يا تفريح عوام يافت، ورزش مستمسكي 
شد تا شرق بتواند قدرتش رابه رخ بكشد. 
 ايدئولوژي، مهم ترين موضوع زندگي چپ ها، ورزش را در برگرفت و بعد از جنگ جهاني 
دوم دورنماي بسط كمونيسم، تركيب مراودات ورزش را به هم زد جايي كه در روند كلي 
 ورزش، رقابت غرب و شرق در المپيك ها به نبرد روس ها و آمريكايي ها انجاميد و در 
اين فوتبال جايگاه حساس خود را به عنوان ورزش اصلي در اروپا پيدا كرد اروپايي كه 
ديگر يكپارچه نبود. 
فوتبال در كشورهاي اروپاي شرقي، قبل از ظهور كمونيسم وجود داشت و در امپراتوري 
هابسبورگ در اروپاي مركزي و شهر وين حوالي *سال 1890 مسابقاتي برگزار مي شد. در 
سال 1894 اولين مسابقه فوتبال اين منطقه بين افراد حاضر انگليسي در آن انجام 
پذيرفت و بوداپست و پراگ را به عنوان كانون هاي اوليه فوتبال در اروپاي مركزي 
 شناساند، جايي كه مربيان انگليسي سهم عمده اي در فوتبال اين مناطق دانستند. 
تزارها در روسيه علي رغم شرايط خاص سياسي و اجتماعي حاكم، به فوتبال روي آوردند. 
يكي از نزديكان تزار روسيه حدود سال 1887 از دو برادر انگليسي به نام هاي هري و 
كلمنت چرناك دعوت كرد تا براي كارخانه ريسندگي خود با نام موروزف در شهر ارفوود، 
تيم فوتبالي تشكيل دهند تا كارگران كارخانه و همچنين جوانان مستعد شهر، به اين 
ورزش بپردازند. جالب اينجاست كه همين تيم مبناي تاسيس باشگاه دينامومسكو _ يكي از 
مهم ترين باشگاه هاي شوروي _ در سال 1923 شد. بعد از انقلاب 1917 همچنان بيشتر 
علاقه مندان فوتبال در روسيه را همان كارگران تشكيل مي دادند كه رقابت هاي خود را 
در دو شهر مسكو و سنت پترزبورگ انجام مي دادند كه با فرارسيدن سرماي وحشتناك اكثر 
رقابت ها تعطيل مي شد. 
وقتي در سال 1922 اتحاديه فوتبال روسيه تاسيس شد رقابت ها به همان دو شهر 
نامبرده محدود مي شد گويا هنوز كمونيست ها به قدرت فوتبال به عنوان يك پديده 
اجتماعي موثر پي نبرده بودند. 
پس از پايان جنگ جهاني اول در 1918 با شكست امپراتوري هاي اتريش _ مجارستان و 
 آلمان، تقسيم بندي سياسي و جغرافيايي نويني در اروپا شكل گرفت كه يكي از اين موارد 
به استقلال رسيدن لهستان بود. شهر لودز در بخش تزاري لهستان مهد فوتبال آن كشور شد، 
جايي كه داستان هميشگي حضور انگليسي ها براي تعليم بازيكنان تكرار مي شد. نخستين 
ديدار ملي فوتبال لهستان در سال 1921 انجام شد. اين در حالي بود كه تازه دو سال 
قبل از آن، اتحاديه فوتبال آن كشور تاسيس شده بود. 
فوتبال در بالكان، تحت تاثير تغييرات سياسي، ادامه يافت و يوگسلاوي در حالي در 
سال 1919 به عنوان يك كشور مستقل شناخته شد كه اولين و قديمي ترين باشگاه آن 
هايدوك اشپيلت 8 سال قبل توسط كروات ها تاسيس شده بود جنگ هاي خونين دهه 1990 در 
هر چه بيشتر كردن فاصله هاي قومي در يوگسلاوي تاثير دو چنداني داشت. فوتبال در 
كشاكش همين جنگ ها عرصه قدرت نمايي قوم ها شد، قوم هايي با نام صرب، كروات و 
مسلمانان. 
 ورزش، وسيله برتري جويي كمونيسم شد تا به وسيله آن اين حس حياتي ايدئولوژي خود را 
ارضا سرمايه گذاري كنند عظيمي كه كشورهاي كمونيستي براي ورزش خود انجام مي دادند 
طعنه بزرگي به انتقادشان از سرمايه داري بود، ايدئولوژي كه در كنار اين مسائل، به 
دنبال چيزي مي گشت كه فكر مي كرد متعلق به آنهاست و آن قدرت برتر در همه زمينه ها 
 بود. بر همين اساس و به دليل بازتاب همه تفكرات و عقايد كمونيستي، تمام مقام هاي 
قهرماني المپيك سال هاي 761952 به شرقي ها رسيد. حال رهبران مي توانستند سرخود 
را بالا بگيرند و به داشته ها و نتايج خود ببالند. ولي از طرف ديگر احساس مردم 
كشورهاي كمونيستي در تضاد با رهبران آنها بود آنها از طرفي به فوتبال در معناي 
مجرد آن عشق مي ورزيدند و از طرف ديگر از هر چيز كه در قدمت رژيم بود متنفر بودند 
و همين تضاد بود كه نه تنها نسبت به فوتبال بلكه در همه زندگي مردم رخنه كرده بود، 
روابط باشگاه ها با تيم ملي، نحوه انتخاب بازيكنان و حتي نحوه رپورتاژ رسانه هاي 
كمونيستي از فوتبال، در مشرق با آنچه در غرب مي گذشت كاملا متفاوت بود. در آن زمان 
تيم ملي مهم تر از باشگاه بود و موفقيت آن، موفقيت حكومت به شمار مي رفت. اهميت 
ورزش نزد شرقي هاي عصر كمونيسم در قامت ورزشگاه هاي غول آسيايي كه بر پا ساخته 
تجلي يافت جايي كه رهبران، پس از انجام هر بازي كه به پيروزي مي انجاميد سرمست از 
موفقيت به شادي مي پرداختند و در ضمن اين نكته را اثبات مي كردند كه همه موفقيت ها 
مختص به رژيم هاست. 
به هر حال فوتبال به عنوان يك پديده موثر و در عين حال تاثيرپذير، همگام با 
تغييرات اجتماعي و سياسي اروپاي شرقي در طول سال ها، تعريف دوباره اي پيدا كرد و 
از مولفه هاي كمونيستي جدا شد و روندي نوين را آغاز كرد. حرفه اي شدن بازيكنان، 
رهايي باشگاه ها از تشكيلات دولتي و از همه مهم تر باز شدن دروازه هاي گلاسنوست كه 
گورباچف رهبر شوروي بر آن اصرار ورزيد و انتقال بازيكنان به غرب از همين طريق 
محصول همين دگرگوني ها بود. آشكار است كه تمام تبعات اين حرفه اي شدن نيز فوتبال 
اين منطقه را فرا گرفت فساد مالي و موارد مربوط به تباني و همچنين اوباش گري در 
نزد تماشاچيان چيزي نيست كه بتوان از آن غافل شد. در سال 1989 با فروپاشي اتحاد 
جماهير شوروي، پانزده جمهوري مستقل از دل سرزمين پهناور برآمد كه ده جمهوري به 
يوفا پيوستند: روسيه، اوكراين، بلاروس، استوني، لاتويا، ليتوانيا، مالدووا، 
 گرجستان، ارمنستان و آذربايجان و پنج جمهوري ديگر به عضويت كنفدراسيون فوتبال آسيا 
در آمدند. قزاقستان، قرقيزستان، تاجيكستان، تركمنستان و ازبكستان، ساير اعضاي جديد 
يوفا عبارت بودند از: جمهوري هاي چك و اسلواكي (از چكسلواكي )،، كرواسي اسلووني، 
مقدونيه و بوسني و هرزگوين (از يوگسلاوي ). اين تيم ها تا به امروز در مسابقات 
مختلفي شركت كردند و شگفتي هاي زيادي آفريدند، تاريخ فوتبال و جام جهاني آنها را 
از ياد نخواهد برد. 
 لهستان، ديگر دير شده بود 
هنگامي كه مسئولان فدراسيون فوتبال لهستان به بازيكنان تيم ملي وعده دادند كه اگر 
قهرمان جام جهاني 2002 شوند به آنها نفري 150 هزار دلار پاداش خواهند داد شايد 
مي دانستند كه بحث قهرماني شوخي بيش نخواهد بود. در حقيقت لهستان ابزار لازم حتي 
براي صعود از گروه خود را نداشت. لهستان تا به امروز 5 بار در جام جهاني حضور 
داشته كه آخرين آن در سال 1986 بود كه به دور دوم صعود كردندسال 160 انتظار نه 
تنها پيشرفتي براي فوتبال لهستان به ارمغان نياورد بلكه آنها حتي نتوانستند نتايج 
سال 86 را تكرار كنند. به نظر مي آيد سيستم 244 لهستان نيز ناكارآمد بود و بر 
هاي 244خلاف نوين ديگر نه در دفاع كارايي داشته و نه در حمله حتي حضور جنجالي 
اوليسادبه نيز نتوانست گره از مشكلات تيم آنها بگشايد پس از بازي هاي كسل كننده و 
دو باخت پياپي مقابل كره و پرتغال در حالي كه از صعود نااميد شده بودند در يك بازي 
حيثيتي مقابل تيم آمريكا پيروز شدند، پيروزي كه ديگر خيلي دير شده بود. 
آن استحكام دفاعي و انضباط تيمي و خط آتش قوي كه قبل از مسابقات درباره آن مطالبي 
گفته مي شد فقط در حد حرف باقي ماند و به عمل بدين نرسيد ترتيب تيمي كه در دو 
دوره جام جهاني سوم شده بود در دوره اول مسابقات امسال حذف شد. 
كرواسي: پايان عصر پارتيزان ها 
براي تيمي كه در اولين حضورش در جام جهاني به مقام سوم جهان رسيده، حذف از دور 
اول رقابت ها، شايد يك كابوس باشد، كابوسي كه به واقعيت پيوست. 
سرمربي اين تيم _ ميركويوزيچ _ جا پاي كسي گذاشت كه موفقيت هايش بيش از آن كه به 
بازيكنان تيم مربوط باشد به بزرگي و روحيه خواني و روان شناسي خودش مربوط مي شد. 
بلاژويچ كسي بود كه مي توانست با بازيكنان حرفه اي خود به گونه اي رفتار كند تا 
توجيه حضور آنها در تيم باشد، مديريت كارآمد وي بعد از روان شناسي مهم ترين عامل 
موفقيت او بود ولي يوزيچ 62 ساله فاقد اين فاكتورها بود او كه در ژانويه 2000 به 
اين سمت برگزيده شدتوانسته بود. يك خط دفاعي منظم را به وجود آورد چرا كه طي هشت 
مسابقه مقدماتي جام جهاني، فقط دو گل را دريافت كرده بود و اين يعني بهترين ركورد 
گل خورده تيم هاي صعودكننده به جام جهاني. در حالي كه كارشناسان با اين وضعيت، 
دورنماي تقريبا اميدواركننده اي را براي تيم كرواسي در گروهشان متصور شده بودند 
براساس تمام معادله هاي به هم ريخته اين جام، كرواسي از گروه خود بالا نيامد. اين 
در حالي بود كه آنها پس از يك شكست مقابل مكزيك ايتالياي مغرور را در بازي دوم 
شكست دادند، شكستي كه بيش از آن كه حاصل كار خوب بازيكنان كرواسي باشد نتيجه ضعف 
ايتاليا بود، ضعفي كه سال ها است در پس همه حاشيه ها و زرق وبرق هاي ورزش حرفه اي 
اين كشور پنهان مانده و با شكست هاي پياپي باز هم به بي طرف كردن آن همت گمارده 
نمي شود. به هر حال كرواسي حذف شد تا شايد با تجزيه و تحليل وضعيت و ترسيم و 
بازسازي در دور بعدي تيم خوبي را شاهد باشيم. 
اسلووني: همه آن ساق هاي يخي 
هنگامي كه در جام ملت هاي اروپا 2000 اسلووني با سه گل از يوگسلاوي پيش افتاد 
اين فكر در ذهن اكثر كارشناسان افتاد كه قدرتي سربر آورده كه شايد بتواند بازتابي 
از يوگسلاوي سابق باشند. گرچه اسلووني ها آن بازي را با نتيجه مساوي به پايان 
رساندند ولي ارائه يك بازي تهاجمي آن هم در برابر تيمي كه زماني خود، جزيي از آن 
بودند فصل جديدي را در فوتبال اين كشور گشود. بازي هاي قابل قبول اين تيم در آن 
مسابقات و كسب نتيجه مساوي با نروژ و باخت به اسپانيا به نظر روزنه هاي اميد براي 
آينده اسلووني بود. 
جمعيت كم اسلووني (حدود 2 ميليون نفر ) و تعداد بازيكنان فوتبال در اين كشور ( 280 
هزار نفر ) آمار و ارقامي است كه به سادگي نمي توان از كنار آن گذشت. ارائه 
بازي هاي كسل كننده از اسلووني در جام جهاني 2002 و سقوط سرافكنانه آن از دور اول 
در حالي صورت گرفت كه پيش بيني مي شد شايد آنها بتوانند از پس تيم هايي چون 
پاراگوئه و آفريقاي جنوبي برآيند و حداقل به عنوان تيم دوم از گروهشان صعود كنند، 
پيش بيني اي كه درست در نيامد. 
در مواجهه با واقعيت بايد گفت كه اسلووني تيم چندان خوبي نيست با اين كه در چهار 
سال اخير پيشرفت كرده است در اصطلاح تيم جام جهاني نيست گرچه آنها بازي هاي دور 
مقدماتي خود را بدون شكست و با 5 برد و 5 تساوي در برابر تيم هايي چون روسيه 
يوگسلاوي و سوئيس پشت سر گذاشتند ولي ابزار لازم براي ارائه بازي هاي خوب در اين 
جام در اختيار نداشتند. دفاع كند و پر اشتباه خط حمله ناكارآمد با تنها يك مهاجم و 
افراد مياني كه نمي توانستند يك پاس صحيح بدهند از عوامل حذف زودهنگام تيم بود، 
جايي كه ستاره غيرمنتظره و بازيكن كليدي آنها ناستجاكر نيز نتوانست كاري انجام دهد. 
 روسيه: مثل سنگ، مثل آب 
اولين حضور تيم شوروي در جام جهاني به ششمين دوره آن بر مي گردد سال 1958 سوئد 
جايي بود كه روس ها با حضور دروازه بان افسانه اي شان ياشين حتي تا مرحله يك چهارم 
نهايي نيز صعود اما كردند كشوري با نام روسيه اولين بار در جام جهاني 1994 آمريكا 
حضور يافت كه در دور مقدماتي حذف شد. روسيه با 9 بار حضور در جام جهاني يكي از 
پرافتخارترين تيم هاي اروپاي شرقي محسوب مي شود. بزرگ ترين افتخار روسيه به سال 
 بر 1960 مي گردد كه در آن سال روس ها قهرمان جام ملت هاي اروپا شدند. 
نگاهي به تاريخچه حضور روسيه در مسابقات جام جهاني نشان مي دهد كه آنها نتايج 
قابل توجهي كسب نكردند. البته غير از مقام چهارمي سال 1966 پس از 8 سال دوري از 
 جام، امسال روس ها در شرايطي پا به مسابقات كره و ژاپن گذاشتند كه با توجه گروه 
نسبتا آسان پيش بيني راهيابي به يك هشتم نهايي تا حدودي واقع بينانه بود اما ضعف 
سيستم ناكارآمد 244 و عدم وجود خلاقيت نزد بازيكنان و بازي هاي چشمگير ژاپن و 
بلژيك داستان ناكامي روس ها را دوباره تكرار كرد. منتقدان رمانتسف كه بارها به چند 
شغله بودن او اعتراض مي كردند _ او علاوه بر اينكه سرمربي تيم ملي است مربيگري تيم 
اسپارتاك مسكو و همچنين مديريت اين باشگاه را نيز عهده دار است _ اكنون بيش از پيش 
او را مورد سرزنش قرار مي دهند، با اين حال شايد نتوان بر رمانتسف خرده گرفت چه او 
نتايج خيلي بدتري از اسلاف خود نگرفته است. 
* آمار و ارقام برگرفته از كتاب روزي روزگاري فوتبال 
",Sport
5,5,"
براي مقابله با فرسايش شديد خاك در 
بزرگترين جزيره خليج فارس: تا پايان امسال 
 ميليون 5 نهال در قشم كاشته مي شود 
. سرويس شهري: براي مقابله با فرسايش نگران كننده خاك در قشم، تا 
پايان امسال 5 ميليون نهال در اين جزيره كاشته مي شود. 
قائم مقام سازمان منطقه آزادقشم در گفت وگو با خبرنگار ماافزود 
طرح بزرگ جنگل كاري قشم از 3 سال پيش آغاز شده و بااتمام مرحله 
اول آن در سال جاري، سرتاسر ساحل شمالي اين جزيره و بخش هايي از 
نواحي داخلي آن، همچون دشت توريان، داراي پوشش جنگلي مي شود. 
وي با اشاره به ابعاد گسترده فرسايش خاك در قشم، تاكيدكرد ايجاد 
فضاي سبز در اين جزيره گذشته از آنكه به تعديل شرايط اقليمي و 
زيباسازي چشم اندازهاي آن كمك مي كندنقشي حياتي در مهارفرسايش 
خاك خواهد داشت. وي افزود در طرح افزايش جنگل هاي حرا، هم اكنون 
روزانه هزار 14دست كم نهال حرا در سواحل قشم كاشته مي شود و 
اميدوار هستيم تا پايان امسال سرانه فضاي سبز قشم به 70 درخت در 
مقابل هر نفر از ساكنان جزيره برسد، كه بجز در نواحي جنگلي شمال، در 
بقيه نقاط كشور بي نظير است. 
وي با اشاره به اينكه گسترش فرسايش خاك موجب شده ايران در فهرست 
كشورهاي مواجه با اين مصيبت، پس از بنگلادش و چين در رده سوم قرار 
 داشته باشد، تاكيد كرد: فرسايش خاك در جزاير خليج فارس، باتوجه به 
شرايط اقليمي بسيار زيانبارتراز پهنه اصلي كشور است و اين مسئله 
مي بايست مورد توجه جدي سازمان هاي مسئول قرار گيرد. قشم، در دهانه 
تنگه هرمز، بزرگ ترين جزيره خليج فارس به شمار مي آيد. 
",Miscellaneous.Urban
6,6,"
نيمي از مردم جهان تحرك كافي ندارند 
هشدار سازمان بهداشت جهاني و فدراسيون بين المللي طب 
ورزشي 
در نشريه اي كه اخيرا از طرف سازمان بين المللي ورزش 
همگاني انتشار يافته و در آن اقداماتي كه در كشورهاي 
مختلف در زمينه همگاني كردن ورزش به عمل آمده تشريح شده 
بيانيه فدراسيون بين المللي طب ورزشي نيز به چاپ رسيده 
است. متن اين بيانيه كه مورد تاييد سازمان بهداشت جهاني 
قرار گرفته از اين قرار است: 
در جهان امروز قسمت زيادي از استعدادها و توانائيهاي 
افراد انساني بلااستفاده مانده و به هدر مي رود. اين 
مساله مربوط به نداشتن تحرك بدني لازم و كافي مي باشد. 
كساني كه تا حد لازم حركت بدني ندارند دو برابر افراد 
فعال در معرض خطر امراض قلبي هستند. اين مساله نيز به 
اثبات رسيده كه بسياري از ناتوانائيها و ضعف افراد 
سالمند تنها مربوط به بالا رفتن سن آنها نيست بلكه 
نداشتن تحرك بدني در اين باره داراي اثرات بيشتري 
زندگي مي باشد راكد در شرايط فعلي عامل مهمي در 
بيماريها و مرگهاي زودرس به حساب مي آيد. 
در قرن حاضر ماشيني و اتوماتيك شدن وسائل زندگي موجب كم 
شدن فعاليت بدني شده است و در كشورهاي پيشرفته اين مساله 
بيشتر به چشم مي خورد. در اين ممالك كارهايي كه احتياج 
به تحرك بدني داشته باشد وجود وسائل ندارد خانگي نيز 
لزوم فعاليت جسمي را بسيار كم كرده است. استفاده 
روزافزون از اتومبيل و اينكه افراد در اوقات فراغت نيز 
با سرگرميهايي از قبيل تماشاي تلويزيون مشغول 
مي شوندموجب كمبود حركات بدني گرديده است. اينگونه زندگي 
ابتدا در كشورهاي صنعتي بوجود آمد و اينك در ممالك در 
حال توسعه نيز در حال افزايش مي باشد. نداشتن تحرك لازم 
تنها مربوط به افراد بالغ نيست بلكه در بين كودكان و 
جوانان نيز رواج پيدا كرده و فقر حركتي به يك مساله 
بين المللي مبدل شده است. 
فوائد فعاليت هاي بدني 
نتايج آزمايشات و تحقيقات زياد حاكي از آن است كه ورزش و 
تحرك جسمي موجب طول عمر شده و عامل مهمي در جلوگيري از 
بيماريهايي مانند امراض قلبي، ديابت، سكته، پوكي استخوان 
و سرطان همچنين است آزمايشات نشان داده كه نداشتن تحرك 
بدني خطر ابتلا به سرطان پروستات، سرطان ريه، سرطان 
پستان را زيادتر مي كند و استرس و ناراحتي هاي عصبي را 
نيز افزايش مي دهد. در حالي كه ورزش در جلوگيري از 
بيماريهاي قلبي و ساير امراض اثرات فراوان دارد. 
ضرورت فعاليت بدني مربوط به سن معيني نيست بلكه ورزش 
منظم و مناسب براي همه گروههاي سني لازم است تا با 
 سلامتي، نشاط و روحيه خوب زندگي كنند. حركات ورزشي بدون 
آنكه لازمه آن خستگي و ناراحتي باشد در تنظيم وزن بدن و 
جلوگيري از چاقي موثر است و از استرس و فشارهاي رواني 
سوخت مي كاهد و ساز بدن را بهبود مي بخشد و مقاومت در 
برابر ميكروبها را افزايش مي دهد. افراد فعال ظاهري 
بهتر دارند، به زندگي خوشبين هستند و كمتر دچار ياس و 
نگراني مي شوند. 
بسياري از سالمنداني كه توانايي خود را از دست مي دهند 
كساني هستند كه فعاليت بدني كافي نداشته اند. شواهد نشان 
داده كه ورزش مناسب و منظم مي تواند ناتواني ها و 
كمبودهاي آنان را تا حد زيادي كاهش دهد. 
توصيه هاي لازم 
سازمان بهداشت جهاني و فدراسيون بين المللي طب ورزشي 
براين عقيده هستند كه تقريبا نيمي از مردم جهان به حد 
كافي فعال نيستند. به همين جهت توصيه مي كنند كه مقامات 
مسئول كشورها برنامه هاي ورزشي را به عنوان قسمتي از 
خدمات اجتماعي و امور مربوط به سالم سازي جامعه توسعه 
 دهند. به نحوي كه ورزش منظم روزانه به عنوان عامل تامين 
كننده سلامتي شناخته شود. براي كودكان و نوجوانان 
امكانات لازم را براي اينكه مرتبا ورزش كنند فراهم شود 
تا به ورزش عادت كنند و آن را در تمام عمر ادامه دهند. 
بزرگسالاني كه تحرك بدني لازم را ندارند تشويق شوند كه 
به تدريج فعاليت بدني خود را افزايش دهند تا بتوانند 
لااقل روزانه 30 دقيقه حركت بدني داشته باشند و از 
ورزش هاي مناسب استفاده كنند. به بانوان فرصت و امكانات 
لازم داده شود تا براي سلامتي خود ورزش به كنند افراد 
سالمند كه تعداد آنها در سراسر جهان روبه افزايش است 
توصيه شود كه با ورزش سبك و مناسب بدن خود را فعال تر 
كنند تا بتوانند بدون كمك ديگران زندگي وضع كنند تغذيه 
خود را بهبود بخشند و ارتباطات اجتماعي خود را توسعه 
 دهند. معلولين و كساني كه از بيماري يا ناراحتي خاصي رنج 
مي برند تشويق شوند تا با ورزش، روحيه اي بهتر و زندگي 
سالم تري به دست آورند. تبليغات ورزشي را بيش از پيش 
توسعه دهند تا مردم هر چه بيشتر با اثرات ورزش در تامين 
سلامتي آشنايي پيدا كنند. 
افراد انساني و خانواده آنها مسئوليت حفظ سلامتي خود را 
به عهده دارند، اما اين ضرورت وجود دارد كه مقامات ورزشي 
نيز تسهيلات و امكاناتي را براي ورزش آنها فراهم آورند. 
براي اين منظور توجه به موارد زير مي تواند مفيد باشد: 
 - 1 در تمام نواحي براي عمومي كردن ورزش امكانات و 
تسهيلاتي را براي پياده روي، دويدن، دوچرخه سواري بوجود 
آورند و نه تنها مردم شهرها بلكه ساكنين روستاها را نيز 
به فعاليت هاي ورزشي ترغيب نمايند. 
 - 2 به پزشكان و ساير مقامات بهداشتي و همچنين به معلمين 
توصيه كنند كه افراد را به ورزش كردن تشويق نمايند و 
اثرات مفيد آن را براي آنان توضيح دهند. 
 - 3 در همه نقاط كشور تسهيلات و امكانات مناسب را براي 
ورزش بانوان خانه دار و همچنين آنهايي كه در خارج از 
خانه كار مي كنند در نظر گرفته و به ورزش سالمندان و 
معلولين نيز توجه لازم معطوف گردد. 
 - 4 به اين مساله كه ورزش كردن صدمه اي به افراد وارد 
نياورد اهميت داده شود و درموارد مختلف توصيه هاي لازم 
به عمل آيد. 
 - 5 وسائل و سازمانهاي تبليغاتي كه بوسيله آنها افراد با 
تجربه و كارآزموده بتوانند راهنمايي مردم را به ورزش 
كردن عهده دار باشند توسعه داده شوند. 
 - 6 بين سازمانهاي مختلف ورزشي و تفريحي و بهداشتي همكاري 
و تشريك مساعي لازم در زمينه ورزش بوجود آيد تا بتوانند 
محيط مناسبتري براي زندگي فعال و بانشاط بوجود آورند. 
 - 7 مقامات دولتي بر فعاليت هاي ورزشي در سطح كشور نظارت 
 داشته، برنامه هاي مناسب ترتيب دهند و اقدامات احتياطي 
براي جلوگيري از خطرات احتمالي ورزش به عمل آورند. 
 - 8 مسئولين مربوطه همگاني كردن ورزش را در نظر داشته و 
تفاوت و تبعيض بين افراد و گروههاي متفاوت و همچنين 
ساكنين نقاط مختلف را از بين برداشته و برنامه هاي ورزشي 
را براساس تامين سلامتي عموم مردم تنظيم نمايند. 
محمد تقي صالحي 
",Sport
7,7,"
زني بدون پسوند و پيشوند 
جايگاه زن در سينماي ايران در گفت وگوباپوران درخشنده 
 گفت وگو: پاكسيما مجوزي 
من پوران درخشنده اي كه خودش باشد به عنوان يك انسان دوست دارم 
زيرا همسر يا مادر بودن هميشه مواردي هستند كه زن رابا آن ها مي سنجند ولي 
هيچ وقت زن را به تنهايي نگاه نمي كنند 
تجليل از آثار مستند پوران درخشنده در جشنواره فيلم فروغ فرخزاد و كمي نزديك تر حضور 
او در نخستين جشنواره زن و سينما (كه به تازگي در شهركرد برگزار شد ) بهانه خوبي بود 
براي گفت و گو با وي، در خصوص جايگاه زن در سينماي ايران. 
غير از اين مطالعه و پژوهش درخشنده براي ساخت سريال 26 قسمتي در خصوص مسائل و مشكلات 
 زنان، اين سوال را در ذهن طرح مي كرد كه يك كارگردان زن، كدام يك از مشكلات زنان را در 
اولويت قرار مي دهد و در نهايت تصميم به ساختن فيلمي از آن مي كند. پوران درخشنده كه 
بيشتر در ساخت فيلم هاي مستند حضور داشته است، در كارنامه كاري خود فيلم هايي چون; 
پرنده كوچك خوشبختي، عشق بدون مرز و.. را نيز دارد. اما سخن او درخصوص جايگاه زن در 
سينما و تلويزيون، نگاه جامعه به زن و ارج نهادن به هويت انساني نه جنسيت از جمله 
مسائلي است كه در اين گفت و گو مطرح شدند كه با هم مي خوانيم. 
& شايد بتوان از يك كارگردان زن سوال كرد كه چه انگيزه زنانه اي، باعث سوق دادن يك زن 
به سوي سينما و احيانا كارگرداني؟ مي شود
نمي شود گفت انگيزه هاي زنانه، شايد بهتر باشد كه بگوييم انگيزه هاي انساني. زماني كه 
وارد اين حرفه شدم، براي من خيلي خاص به نظر مي رسيد و انتخابش هم چندان آسان نبود. چون 
بايد بين دو رشته اي كه قبول شده بودم يكي را انتخاب مي كردم. شايد رشته اول ارزش 
اجتماعي بيشتري از ديد توده مردم داشت ولي با تمام اين تفاصيل پزشكي را انتخاب نكردم و 
به رشته كارگرداني آمدم و طبيعتا آمدنم به اين حرفه نيز هدفمند بود. من به نوعي دغدغه 
فرهنگي داشتم، دلم مي خواست با جامعه ارتباط برقرار كنم مي خواستم مسائلي را كه هر روز 
در جامعه مي بينم منعكس كنم و با مردم ارتباط داشته باشم. 
& غير از دغدغه فرهنگي و بيان مسائل و مشكلات در اجتماع چه انگيزه ديگري باعث شد كه شما 
نهايتا فيلمساز؟ شويد
روياي كودكانه ام بود و يا همان حس غريبي كه در من بود، نمي دانم. از كودكي دوست داشتم 
به مردم كمك كنم و اين حس ارتباط با آنان را در هنر پيدا كردم و كشف كردم كه مي توانم 
از اين طريق ( هنر ) به مردم و كساني كه نمي توانند برخي از مشكلات را در سطح جامعه 
ببينند نشان دهم و آن مسائل را افشا كرده و بگويم كه در اطراف شما چنين اتفاقاتي هر 
روزه رخ مي دهد. يا صداي تركيدن بغضي باشم كه در گلوي آن هاست. 
& حال كه به اين مقطع رسيديم مي خواهم بپرسم كه شما مشكلات اجتماعي را چگونه تقسيم بندي 
مي كنيد و آيا شما به زن، در سينما به عنوان جنس دوم نگاه مي كنيد يا؟ خير
منظور شما از حضور زنان به عنوان عوامل فيلمساز است و يا طرح موضوعات؟ زنانه 
& بيشتر به عنوان دست اندركاران و عوامل سينما است به طور مثال يك زن كارگردان و يا يك 
زن؟ بازيگر
 ببينيد، در حال حاضر زنان ما در همه عرصه هاي سينما به چشم مي خورند و موفق هم عمل 
كردند شما مي توانيد زنان زيادي را در حوزه هاي متفاوت سينما از كارگرداني، بازيگري، 
 فيلمبرداري، صدابرداري و... گرفته تا تهيه كنندگي و فيلمنامه نويسي مشاهده كنيد. 
بنابراين واژه جنس دوم در نزد من معنايي ندارد، اما نكته اي كه بايد به آن اشاره كنم 
اين است شايد اين نگاه عرف و جامعه باشد كه از زن، جنس دوم مي سازد و زن به دليل زن 
بودنش و اين كه در يك جامعه مردسالار زندگي مي كند با مسائل و مشكلاتي روبه رو مي شود 
كه نمي توان گفت فقط مختص به زنان مشغول در سينما است. زيرا وقتي اين نگاه (مردسالار )
در جامعه اي وجود داشته باشد، تمامي زنان آن جامعه، جنس دوم ناميده مي شوند و ديگر فرقي 
بين يك زن خانه دار و يا شاغل نيست. بنابراين در چنين جامعه اي يك زن تنها با تلاش 
مضاعفي كه انجام مي دهد مي تواند جايگاه واقعي خودش را پيدا كند، حفظ كند و در آن باقي 
 بماند. چرا كه زنان از آسيبپذيرترين قشرهاي جامعه هستند. 
& در ادامه اين سوال به اصطلاحي مي رسيم به نام سقف شيشه اي به اين معنا كه موانعي 
قوي وجود دارد كه مانع از حضور زنان در پست هاي مديريتي مي شود، مي خواستم بدانم كه آيا 
اين سقف، در سينماي ايران هم به چشم مي خورد و يك كارگردان مرد، راحت تر مي تواند خودش 
را تثبيت كند تا يك كارگردان؟ زن 
قبل از پاسخ به اين سوال بهتر است يك توضيح مختصر بدهم; در بحث هنر، اين توانايي هاي 
فردي است كه يك هنرمند را به تثبيت مي رساند و نمي توان يك اثر هنري اصيل را با نگاه 
جنسيت نگاه كرد و گفت چون اين يك اثر كارگردان مرد است بهتر است و آن يكي كه متعلق به 
كارگردان زن است ضعيف و يا بالعكس; و اين برتري انديشه است كه در يك اثر هنري نمود 
چشمگيري پيدا مي كند، بنابراين مي توان يك اثر هنري را از بعد انساني آن سنجيد نه جنسيت. 
اما در خصوص سقف شيشه اي، بله در سينما هم اين سقف وجود دارد و در جامعه ما هميشه به 
اين شكل بوده كه همه تصميم گيري هاي مهم در دست مردان باشد و اين خصوصيت را در تمام 
دنيا مي توانيم شاهد باشيم. به طور مثال در جنگ ها خيلي از زنان قرباني شدند و مشكلات 
زيادي برايشان به وجود آمد ولي مي بينيد كه در صلح هرگز زن ها حضور ندارند و هيچ 
عهدنامه صلحي را زني امضا نكرده است. به نظر من فعاليت زنان هميشه پشت پرده بود، آنان 
معمولا زمينه ساز تصميم گيري ها هستند ولي خودشان در تصميم گيري هاي نهايي نقش ندارند. 
البته در باور خود زن ها هم چنين چيزي است. زن هميشه در حاشيه قرار مي گيرد، هميشه نفر 
بعدي است و نفر اول تمام نقش هاي جهان مردان هستند. 
با اين كه نيمي از جمعيت كل جهان را زنان تشكيل مي دهند ولي هنوز به تمام آن حقوقي كه 
بايد دست پيدا نكردند. در حالي كه اين زن است كه ستون همه چيز است و تمام نگراني ها و 
دغدغه ها روي دوش يك زن است و در روز بايد هزاران نقش را بازي كند ولي او را هميشه كنار 
مي گذارند و يك جوري به يك مرد نسبتش مي دهند. مثلا مي گويند، زني كه مادر فلاني است، 
زني كه همسر فلاني است هيچ، وقت به عنوان مطلق هويت و شخصيت خودش را بيان نمي كنند. 
شما نگاه كنيد اگر يك روز، زن در خانه نباشد اصلا آن خانه از هم پاشيده مي شود و نظمش 
از بين مي رود ولي حضور معنوي آن همان فضاي آرامش را در خانه به وجود مي آورد، با اين 
همه خيلي از زنان هنوز از جايگاه واقعي خودشان غافل هستند و انگار باور كردند كه بايد 
كنار بايستند و به مردان اجازه بالارفتن بدهند. امروزه اما شاهد هستيم، زناني كه در 
پست هاي مديريتي قرار دارند بسيار خوب موفق و موثر عمل كردند. در صورتي كه اگر به معناي 
واقعي سقف شيشه اي برداشته شود نه فقط به شكل شعاري و كليشه اي، مي توانيم شاهد خيلي 
تغييرات جدي امروزه باشيم در جهان يكي از شاخصه هاي توسعه يافتگي را حضور زنان فعال آن 
كشور مي دانند حتي اگر درآمدسرانه كشوري مثل UAE 35 هزار دلار باشد ولي زنان در آن فعال 
نباشند توسعه يافته نيست. 
& زنان در سينما تا چه اندازه از امنيت شغلي؟ برخوردارند
اين موضوع بايد خيلي جدي تر گرفته شود. زيرا امنيت شغلي زماني وجود دارد كه ثبات در هر 
چيزي وجود داشته باشد و اگر ثبات باشد حتما امنيت هم بنابراين هست اگر بتوانيم اين 
ثبات و امنيت را در تمام زمينه ها عملي كنيم مسلما زنان نيز از امنيت برخوردار خواهند 
شد. 
& پس در واقع امنيت سينما بايد بهتر از مطبوعات؟ باشد
به نظر من فرقي نمي كند، تمام رسانه هاي جمعي نياز به امنيت دارند. چون رسانه ها در 
خدمت مردم هستند. نكته اي كه بايد به آن اشاره كنم اين است كه به اين نتيجه رسيده ام 
مردم جلوتر از ما هنرمندان و بخش اقليت جامعه حركت مي كنند و ما عقب افتاده ايم; شايد 
دليل اين عقبافتادگي اين است كه نمي خواهيم واقعيت ها را آن طور كه بايد مطرح كنيم، 
تلاشمان را نكرديم و شايد اين عدم بيان به خاطر نبود امنيت شغلي است. بنابراين نمي توان 
گفت كه امنيت شغلي سينما بيشتر و يا كمتر از مطبوعات است. 
سوالم & را به اين شكل مطرح مي كنم سينمايي كه به موضوع زنان پرداخته است در كشور ما 
چگونه عمل كرده آيا قوي بوده؟ است 
فكر مي كنم كه در خصوص با موضوعات زنان، خيلي فعال نبوديم. يعني اين كه نتوانستيم به 
طور ريشه اي با مسائل برخورد كنيم و ببينيم ريشه اش واقعا در كجا نقش بسته. مثلا در 
كجا توانسته ايم تصوير درستي از يك زن خانه دار نشان دهيم جز تصوير خيلي زشت و ناپسندي 
كه يك زن خانه دار يا در حال نظافت است، يا غرغر مي كند يا غيبت مي كند، يا پشت سر 
عروسش بد مي گويد، يا پسرش را عليه زنش مي شوراند و... اين همه تصاوير مخرب كه از زن 
ارائه مي دهيم يعني؟ چه آيا توانستيم نشان دهيم كه دغدغه هاي اين زن؟ چيست مشكلات روحي، 
رواني اش در كجا جاي؟ دارد هميشه در فكر بچه ها و زندگي اش است پس هويت خودش در كجا 
تعريف؟ مي شود اشاره كرديم كه همه كارهاي خانه وظيفه او تلقي مي شود و اگر كمكي هم در 
نظافت منزل شود هميشه منتي بر سرش است. خواستيم اشاره كنيم كه چقدر از زحمات اين زن 
تشكر مي شود و توقعاتش چقدر پايين است به طوري كه با يك لبخند رضايت آميز و خسته نباشي 
شاد؟ مي شود
به نظر شما ما چقدر توانستيم اين موضوعات را مطرح كنيم، فكر مي كنم اين كارهاي اخير هم 
خيلي كم و ناچيز بوده است. 
& اين مسائلي كه شما به آن اشاره كرديد ما در صدا و سيما زياد مشاهده مي كنيم به نظر 
شما چه كساني هستند كه اين نوع سريال ها و فيلم ها را؟ مي سازند
بهتر است مسئله را اين طور عنوان كنيم كه ما نگاه متعادلي به اتفاقات پيرامونمان 
 نداريم. يعني اگر قرار است به مسئله اي توجه كنيم كه عدالت باشد ديگر مشكلي پيش نمي آيد. 
عدالت در مورد زن، مرد و تمام زمينه ها نيازي است كه ما به آن احتياج داريم، نياز 
جامعه ما عدالت است در تمام زمينه هاي خانوادگي، سياسي، اجتماعي، فرهنگي، قانوني و 
 حقوقي. بنابراين اگر مي خواهيم زن ما رشد كند بايد تصويري كه از او نشان مي دهيم درستي 
و حقيقي باشد تا اين فرهنگ به درست و عدالت جا بيفتد. 
& بعد از دوم خرداد سال 1376 شاهد بوديم كه سينماي ما نسبت به موضوعات اجتماعي به خصوص 
زنان فعال تر شد مي خواستم بپرسم شما به عنوان يك كارگردان اين مسير را چگونه ارزيابي 
مي كنيد و به نظرتان مثبت بوده يا؟ خير
صددرصد مثبت بوده به دليل اين كه بعد از 2 خرداد 76 فضا براي كار و فعاليت و توجه به 
مضامين مختلف بيشتر شد و اين يك واقعيت انكارناپذير است و در زمينه سينما هم تحول 
چشمگيري ايجاد شد كه همكارانم توانستند در عرصه هاي مورد دلخواه قدم بردارند و فيلم هاي 
مطرحي هم فيلم هايي بسازند كه خيلي از آن ها ماندگار خواهند شد، زيرا محدوديت هميشه 
عواقب خودش را به دنبال دارد كه يكي از آن ها خودسانسوري است و چشم پوشي از علايقي كه 
به نوعي دغدغه ات بوده اند. البته از اين فضاي ايجاد شده هم آن طور كه بايد و شايد 
انتقاد نشده و خيلي ها هم به قول معروف از هول حليم افتادند توي ديگ بدين منظور كه به 
موضوعاتي پرداختند كه مشكل جامعه ما نبود يا مسائل ريشه اي مطرح نكردند و به ظواهر 
پرداختند. 
به طور مثال در خصوص بحث جوانان، شاهد بودم كه فيلم هايي ساخته شد كه آن واقعيت وجودي 
جوان ما را نتوانسته بود ترسيم كند و در خصوص مسائل زنان نيز همين طور. تمامي اين مسائل 
نشان مي دهد كه ما خيلي بيشتر از اين ها احتياج به كار فرهنگي داريم و اميدوارم در كنار 
اين فضاي باز فرهنگي، آگاهي هم به وجود آيد تا در نهايت به سازندگي و توسعه فرهنگي منجر 
شود. 
& در ادامه اين سوال به ياد سخن كارشناسي افتادم كه معتقد بود، سينما و مطبوعات دو 
عنصري بودند كه در بالابردن آگاهي مردم نقش داشتند، به نظر شما آيا سينما توانسته است 
در بالابردن آگاهي زنان نسبت به حقوقشان نقش مثبتي داشته؟ باشد
به نظر من مطبوعات موثرتر و سازنده تر از سينما عمل كرده است، البته سينما هم بي تاثير 
نبوده اما از نقش مطبوعات نمي توان چشم پوشيد و با نگاهي به تعداد مخاطبان روزنامه ها 
مي توان اين نكته را فهميد. فقط اميدوارم كه مطبوعات جايگاه خودش را بيشتر از پيش حفظ 
كند و بدانند كه اگر در كنار مردم و خواسته هاي مردم باشند به دور از هر نوع گرايش هاي 
جناحي و سياسي مي توانند موقعيت خودشان را حفظ كنند و در جهت آگاهي دادن به مخاطبانشان 
نقش سازماندهي داشته باشند. 
& اگر بخواهيد فيلمي بسازيد كه به مسائل زنان بپردازد اولين مشكلي كه ترجيح مي دهيد در 
موردش فيلم بسازيد؟ چيست 
به نظر من اگر قرار باشد فيلمي در خصوص مشكلات زنان بسازم به مسائل اجتماعي، رواني و 
حقوقي زنان توجه اما مي كنم اولويت را به مسائل حقوقي زن مي دهم. به مسئله ازدواج و 
 طلاق، حضانت بچه ها. زيرا زني كه با تمام بدبختي هاي زندگي مي سازد و در نهايت مجبور به 
طلاق مي شود جز بي سر پناهي و دربه دري در جامعه چه سرنوشتي را انتظار؟ مي كشد آن هم با 
جامعه اي كه به يك زن مطلقه نگاه كاملا منفي دارد. به خصوص در اين اواخر كه مسئله زنان 
به درجه حادي رسيده است. 
در خصوص كاري كه دارم براي زنان انجام مي دهم، بعضي اوقات آن قدر اوضاع روحي ام به هم 
مي ريزد و داغون مي شوم حتي دچار تعارض مي شوم و با خودم فكر مي كنم چرا بايد به اين جا 
 برسد. الان در شرايطي هستيم كه با يك تلاش همه جانبه دولتي و ملي نسبت به زنان و مسائل 
دختران و جوانان مي توان به آنان كمك كرد. به نظر من اولويت ها همين ها هستند و 
اتفاقاتي كه هر روز رخ مي دهد، واقعيت هاي تلخي كه دل هر انسان آگاهي را به لرزه در 
مي آورد. 
& براي ساختن يك فيلم آسيبشناسانه در خصوص زنان شما با چه مشكلاتي روبه رو هستيد از 
سوژه گرفته تا اكران؟ فيلم 
مشكلات خيلي زياد است و اين يك واقعيت تلخ است. به طور مثال براي اين كه زندان بروم 
حدود يك ماه است كه منتظرم. در حالي كه هدف من واقعا خدمت به مردم است. اگر مي خواهم 
يك معضلي را مطرح كنم در جهت رسيدن به آن ارزش هاي والايي است كه مدنظر دارم. گرفتن 
مجوز ساخت مرحله بعدي كار است كه روي چه موضوعاتي مي توان و يا نمي توان كار كرد براي 
مثال فيلمي داشتم به نام شمعي در باد دو تا 365 روز را دويدم براي مجوز گرفتن اين 
فيلمنامه كه متاسفانه موفق نشدم آن را بسازم در حالي كه فيلم هايي با همين موضوع ساخته 
موضوع شدند آن بي پناهي زن بيوه اي بود كه در جامعه مي خواست استقلال داشته باشد ولي 
شرايط جامعه به گونه اي بود كه او را به طرف آسيب و مشكل پرتاب كرد. 
& در حالي كه بعد از مجوز نگرفتن، فيلم هايي را ديديم كه در خصوص همين موضوع ساخته شدند 
و بيرون آمدند. ولي اين تحليل ريشه اي را نداشتند. اين ها موانعي است كه بايد از ميان 
برداشته شود. 
زيرا من به هزينه خيلي بها مي دهم و اگر به دليل قانونمند نبودن جلوي تعهد مرا بگيرد و 
كار را به گروه ديگر واگذار كند منصفانه نيست. 
& يك كارگردان زن چه مراحلي را بايد طي كند تا به عنوان يك زن موفق در بين مردم شناخته 
؟ شود
يك كارگردان زن با يك كارگردان مرد هيچ فرقي مهم ندارد شناخت و آگاهي اي است كه نسبت 
به كارشان دارند و اگر آن شناخت و آگاهي در كنار مطرح كردن درد مردم باشد و همراه با 
بار اطلاعاتي و شناخت همه جانبه نيز باشد و به نوعي حرف مردم را بزند، معضلات را نشان 
 دهد، خودش را به مردم نزديك كند چيزي است كه مي تواند موفق عمل كند و بالطبع ماندگار 
شود. 
& و آخرين سوال اين كه، شما كدام نقش را بيشتر دوست داريد، پوران درخشنده كارگردان، 
مادر و يا؟ همسر
من پوران درخشنده اي كه خودش باشد، به عنوان يك انسان دوست دارم. زيرا همسر يا مادر 
بودن هميشه مواردي هستند كه زن را با آن ها مي سنجند ولي هيچ وقت زن را به تنهايي نگاه 
 نمي كنند. در صورتي كه زن نياز دارد ديده شود نه اين كه فقط با ديگران معنا پيدا كند، 
بلكه خودش به تنهايي، همانند يك انسان بدون هيچ گونه پسوند و پيشوند مورد ارزيابي قرار 
گيرد. 
من يك زن هستم، يك انسانم و دوست دارم به عنوان يك انسان ديده شوم. 
در شرايطي هستيمكه با يك تلاش همه جانبه دولتي و ملي نسبت به زنان و مسائل دختران و 
جوانان مي توان به آنان كمك كرد 
",Social.Women
8,8,"
سن بلوغ در ايران؟ چيست 
 
به بهانه همايش مسايل كودكان و نوجوانان ايران: 
بعيد به نظر نمي رسد، دختري كه در كم سالي تحت تاثير مصالح والدين 
با مردي ازدواج مي كند، در سنيني كه به بلوغ فكري واجتماعي مي رسد، 
نتواند با فرد مورد نظر به زندگي ادامه دهد. 
طبق قانون مدني سن بلوغ براي دختر 9 سال تمام قمري و براي پسر 15 
سال تمام قمري است. 
براساس اين قانون دختري كه 9 سال تمام - قمري - دارد مي تواند ازدواج 
 كند. باز بر پايه همين قانون اگر چنين دختري مرتكبقتل شود، محكوم به 
قصاص مي گردد. اما جالب اينجاست كه وقتي همين دختر مي خواهد به عنوان يك 
فرد بالغ در انتخابات رياست جمهوري شركت كند قانون تا سن 16 سال 
تمام ( شمسي ) به او حق شركت در انتخابات را نمي دهد. يا اينكه وقتي كه 
ساله 9دختر حتي براي مدتي كوتاه مي خواهد از كشور خارج شود تا سن 18 
سالگي احتياج به اجازه پدر دارد. به اين ترتيب روشن مي شودكه در قانون 
 ايران، سن مشخصي براي بلوغ درنظر گرفته نشده است. جدا از مساله 
نامشخص بودن سن بلوغ، پايين بودن اين سن مي تواند مشكلات زيادي را 
به همراه آورد. اين مشكلات در دو محورعمده جاي بحث و بررسي دارد. 
پايين بودن سن ازدواج و پايين بودن سن مسئوليت كيفري. 
پايين بودن سن ازدواج 
براساس قانون مدني حداقل سن ازدواج، سن بلوغ است. نكاح قبل از بلوغ 
ممنوع است. (ماده 1041 قانون مدني ).تبصره يك ماده قانون 1210 مدني 
مقرر داشته است (سن بلوغ در پسر 15 سال تمام قمري و در دختر 9 سال 
تمام قمري است ) بنابراين پسري سال 15كه تمام و دختري كه 9 سال تمام 
 دارد، مي تواند ازدواج كند. 
البته باتوجه به شرايط زماني وفرهنگ جامعه ما طبيعي است كه 
دخترها و پسرها در اين سنين مفهوم زندگي مشترك زناشويي را درك 
نمي كنند و قدرت اداره خانواده راندارند و به ندرت افراد در چنين 
سنيني ازدواج مي كنند، اما به هرحال قانون چنين اجازه اي را به آنان 
شايد مي دهد براي كساني كه در پايتخت و ديگر شهرهاي بزرگ زندگي 
 مي كنند، در حال حاضر مهمترين مشكل در زمينه ازدواج، بالا رفتن سن 
ازدواج باشد و مساله پايين بودن سن ازدواج ازنظر آنان چندان جدي 
به نظر نرسد. اما چه بسيارند، روستايياني كه به دليل فقر اقتصادي، 
دختران خود را در سنين كودكي شوهر مي دهند تا بلكه بتوانند، چرخ 
زندگي را كمي سهل تر به حركت درآورند. حتي در شهرها هم كم نيستند، 
خانواده هاي پرجمعيت - 12 10 نفري كه بنابر شرايط نامساعد اقتصاد 
ناچارند در يك اتاق كوچك شب را به صبح اينان رسانند افرادي هستند 
كه به سختي ازعهده تامين مخارج زندگي خود برمي آيند و به اولين - و نه 
 مناسبترين - پيشنهاد، دختران كم سن خود را راهي خانه بخت مي كنند. 
قانون نيز نه تنها مانع از اين كار نمي شود بلكه به دختر 9 ساله هم 
اجازه ازدواج مي دهد. 
ازطرف ديگر براساس قانون، ازدواج قبل از سن بلوغ نيز مجاز است. 
شيرين عبادي وكيل دادگستري و حقوقدان درباره ازدواج قبل از سن بلوغ 
 مي گويد: تبصره ماده 1041 قانون مدني مقرر مي دارد (عقد نكاح صحيح 
قبل از بلوغ با اجازه ولي صحيح است، به شرط رعايت مصلحت مولي عليه ) به 
اين ترتيب حتي مي توان دختر نوزادي را طبق صوابديد ولي اش (پدر يا جد 
 پدري ) به عقد ازدواج مردي درآورد. نكته قابل توجه آن است كه تشخيص 
مصلحت مولي عليه فقط برعهده پدر و جد پدري است و مقامهاي قضايي حق 
اظهارنظري را در اين مورد ندارند و اگر پدر يا جد پدري در تشخيص اين 
مصلحت دچار خطا و لغزش شوند، كيفري نداشته و عقد ازدواج نيز به 
هم نخواهد خورد. از همه مهمتر آن كه رضايت دختر بعداز رسيدن به سن 
 بلوغ، شرط صحت چنين ازدواجي نيست. 
يك كارشناس قضايي در مورد افزايش سن ازدواج مي گويد: ما قبلا تغيير 
سن ازدواج (بالا بردن سن ازدواج ) را تجربه كرده ايم. براي مدتي اين سن 
را افزايش دادند، اما در عمل ديديم كه در سنت تغييري حاصل نشد. در 
دادگستري شاهد بوديم كه دخترهاي 1213 ساله با كفشهاي پاشنه بلند 
مي آمدند و مي خواستند، اجازه ازدواج بگيرند. چه بسياري از آنان كه 
قبلا از طريق شرعي ازدواج كرده بودند و يك يا چند بچه هم داشتند و 
تازه مي خواستند ازدواج خود را به ثبت برسانند، اما باز هم سنشان به 
سن تعيين شده براي بلوغ ( سال ) 18 نمي رسيد. پس لازم است تا با يك 
اقدام فرهنگي، سطح آگاهي مردم را افزايش داد. تا مادامي كه سنتها 
تغيير نكند، تغيير قانون چندان نتيجه اي را به دنبال نخواهد داشت. 
اگرچه نقش سنتها و فرهنگ در جامعه بسيار پررنگ است، اما نبايد 
فراموش كرد كه يك قانون متعالي تاچه حد مي تواند، در تصريح و اعتلاي 
 فرهنگ، اخلاق و سنتهاي جامعه نقش داشته باشد. 
يكي از ابزارهاي بالا بردن سطح فرهنگ عموم، قانون است و يكي از 
مهمترين نقشهايي كه براي قانون قايل نقش شده اند، ارشادي آن است. 
قانون بايد قادر باشد، فرهنگ و اخلاق جامعه را ارتقا بخشد. اين امر 
ممكن نيست، مگر آنكه چنين قانوني از فرهنگ مردم يك پله بالاتر باشد. 
البته اگر قانون با فرهنگ جامعه فاصله بسيار زيادي داشته باشد، 
طبيعي است، ازكارايي لازم برخوردار نخواهد بود. 
پايين بودن سن ازدواج نيز مي تواند مشكلات اقتصادي زيادي را نيز به 
همراه داشته باشد. 
به لحاظ جامعه شناختي، از مهمترين مشكلات پايين بودن سن ازدواج مي توان 
به مساله شناخت نداشتن طرفين نسبت به يكديگر اشاره كرد. بعيد 
به نظر نمي رسد، دختري كه در كم سالي تحت مصالح والدين با مردي ازدواج 
 مي كند، در سنيني كه به بلوغ فكري و اجتماعي مي رسد، نتواند با فرد 
موردنظر به زندگي ادامه اين دهد امر يكي از عواملي است كه سبب بالا 
رفتن آمار طلاق و نابسامانيهاي اجتماعي خواهدشد. 
پايين بودن سن مسئوليت كيفري 
وحيد پسر 14 ساله اي است كه در جريان يك زدوخورد به طور اتفاقي سبب 
قتل پسر ديگري مي شود. او پس از آن حادثه اظهارمي دارد كه مقتول با 
ضربه او به قتل رسيد، اما وي قصد كشتن او را نداشته است. 
پرونده وحيد به دادگاه ارجاع مي شود. در آنجا پس از تحقيقات بسيار، 
وي را به عنوان قاتل شناخته و از آنجايي كه اولياي دم حاضر به 
 رضايت نمي شوند، حكم قصاص برايش صادر مي شود. 
ناگفته نماند كه در حكم تصريح مي گردد كه اجراي حكم تا سن 18 سالگي 
به تعويق افتد و او ملزم است تا رسيدن به اين سن ( سالگي ) 18 در يكي 
از مراكز كانون اصلاح و تربيت به سر برد. خانواده وحيد براي او وكيل 
 مي گيرند. از مددكاران كانون اصلاح و تربيت كمك مي خواهند، اما سرانجام 
تلاش بي وقفه آنان بي نتيجه مي ماند. 
پرسش اينجاست چرا براي پسر 14 ساله حكم اعدام صادر؟ مي شود مگر سن 
بلوغ براي پسر 15 سال تمام قمري درنظر گرفته نشده؟ است 
براساس گزارش يكي از افراد مطلع كه از ابتدا تا انتهاي پرونده وحيد، 
در جريان رسيدگي به اين پرونده قرار داشت، قاضي رسيدگي كننده به 
پرونده براساس گواهي رشد موجود در پرونده كه توسط پدر مقتول تهيه 
شده بود، وحيد رارشيد تشخيص داد و بر همان اساس، حكم قصاص را صادر 
 كرد. اما منظور از سن؟ رشدچيست 
عبادي در تعريف رشد و اينكه چه كسي رشيد است، مي گويد: يكي از 
شرايطاحراز بلوغ آن است كه قواي جسماني صغير رشد كرده و آماده 
توالد و تناسل شود. شرط دوم رشد آن است كه رشددراثر نمو قواي 
دماغي در شخص ايجاد شود. تشخيص در هر فرد به وسيله آزمايش در اموري 
كه مناسب با وضعيت اجتماعي اوست، به عمل مي آيد تا قدرت و استعداد او 
در حسن اداره و تصرف او در اموالش ثابت شود. در صورتي كه دو شرط فوق 
(نمو جسماني و رشد عقلاني ) محقق شود، دوران صغر خاتمه يافته است. 
البته لازم به يادآوري است كه اگرچه رشد بر مبناي نمو قواي روحي و 
دماغي بوده و تا اندازه اي بستگي به نمو جسماني انسان دارد، ولي 
همواره محيط اجتماعي و تعليم و تربيت تاثير بسزايي در آن دارد و 
بدين جهت كسي كه بالغ مي شود، (به نمو جسماني لازم مي رسد ) الزاما، 
رشيد نيست، زيرا ممكن است به نمو روحي و عقلاني لازم نرسيده باشد. 
حال درنظر مي گيريم كه قاضي وحيد رارشيد تشخيص داده است. اما 
چگونه است كه اعدام وي را موكول به سن 18 سالگي؟ مي كند پس از 
ديدگاه مجري قانون وي در سن 14 سالگي به سن رشد نرسيده؟ است درصورت 
پذيرش چنين فرضي، قضيه اعدام او را چگونه مي توان توجيه؟ كرد
در دادگستري چنين پرونده هايي را به كرات مشاهده مي كنيم. هستند 
دختران 9 ساله اي كه تنها به دليل اينكه به سن تكليف رسيده اند و در 
قانون ما سن تكليف را معادل سن بلوغ درنظر گرفته اند، مانند افراد 
بالغ به مجازات سنگين مي رسند. 
نكته ديگر آنكه در ايران دادگاه ويژه اطفال به معناي واقعي آن وجود 
 ندارد. دادگاه ويژه اطفال در كشور ما محلي است كه تنها تابلوي 
دادگاه اطفال را به خود يدك مي كشد، اما قاضي آن كودكان را با قوانين 
بزرگترها محاكمه مي كند. 
اما براي حل اين معضلات چه تدابيري بايد؟ انديشيد
سيد محسن سعيدزاده حقوقدان و محقق در پاسخ به اين پرسش مي گويد: 
قانونگذار ايراني مي تواند، براي مسايل كيفري شرط سن معين كند. اين 
شرط بايد با قوانين فقهي حاكم بر حدود، تعزيرات، قصاص و ديات منطبق 
به نظر باشد مي رسد تعيين شرط سن در اين گونه امور كمتر از 18 سال 
 نباشد. چنانچه براي ازدواج و طلاق همين اندازه، شرط نامعقولي نخواهد 
بود. 
وي مي افزايد: شرط سن در شرع معين نشده است. روايات براي ارشاد 
مردم عصر خود مطالبي ياد كرده اند و فقيهان سخنان متفاوتي گفته اند. 
اما براي حل مشكلات مذكور فقها بايد نظر خود را پيرامون شرط بودن 
بلوغ يا رشد به مردم اعلام كنند، اما تعيين سن بلوغ را برعهده 
قانونگذار بگذارند. البته قانونگذار ايراني مي تواند، براي تبعه 
ايران به نسبت محتوا و كيفيت اجراي قانون و درنظر گرفتن مسايل 
قانوني و فقهي بلوغ، در هر موضوعي، جداگانه شرط سن بگذارد. طبيعي 
است كه اين شرطگذاري بلوغ فرضي محسوب مي شود و مانع وظيفه فردي و 
وجداني اشخاص نخواهد شد. زيرا قانونگذار براي حفظ مصالح عمومي و 
رهايي از تشتت آرا به مصالح و دفع مفاسد عموم مردم توجه مي كند و 
ميانگين مي گيرد. اگر قرار باشد، براي مسايل گوناگون عبادي، سياسي، 
اجتماعي و اقتصادي شرط سن تعيين شود، باتوجه به جامعه فعلي ايران و 
ميانگين رشد جسمي و روحي در دختران، پيشنهاد مي شود، شورايي از 
 متخصصان، سنيني را كه براي نماز و روزه، نكاح، معاملات، اجراي 
مجازاتهاي سنگين، استخدام و شركت در مسايل سياسي كشور مناسب است، 
به عنوان شرط فرضي و پيشنهادي اعلام دارند. در اين صورت، قانونگذار با 
تصويب تبصره هايي براي هر يك از سقفهاي تعيين شده، معافيت از شرط سن 
خواهد گذاشت تا افرادي كه در پايين تر از آن سنين بالغ يا رشيد 
 مي شوند، بتوانند با مراجعه به محاكم قضايي حكم معافيت از شرط سن 
دريافت دارند. 
بنفشه پورناجي 
",Social
9,9,"
رهبران پشتون و تاجيك افغانستان در 
انتظار تصميم لويه جرگه 
ماه آينده وقتي 1500 افغان براي تصميم گيري درباره آينده اين كشور در كابل گرد هم 
 مي آيند، انتظار مي رود كه حامد كرزاي رهبر موقت اين كشور به راحتي پيروز شده و 
رياست دولت جديد را نيز بدست آورد. 
به گزارش نيويورك تايمزكرزاي دو مانع مهم را براي رسيدن به اين سمت در 18 ماه 
 آينده، از پيش روي خود برداشته است. محمد ظاهرشاه پادشاه پيشين كه اخيرا بعد از 
چندين سال تبعيد به كابل بازگشته است كاملا از او حمايت مي كند و از سوي ديگر 
كرزاي روابط خود را با چند تن از رهبران قدرتمند سابق اتحاد شمال تحكيم كرده است. 
به اين ترتيب بلوك قدرتمندي از دو گروه بزرگ قومي در افغانستان، تشكيل مي شود. 
ظاهرشاه همچنان تاكيد مي كند كه قصد احياء سلطنت را ندارد. او از حمايت فراوان 
پشتون ها برخوردار كرزاي است خود نيز پشتون رهبران است سابق اتحاد شمال كه تاجيك 
هستند همواره از رقباي سرسخت شاه سابق بوده اند. اما اكنون به نظر مي رسد كه حضور 
او را پذيرفته اند. يك ديپلمات غربي در اين باره مي گويد: به نظر مي رسد كه توافق 
قدرتمندي بر سر نقش نمادين شاه سابق به عنوان پدر ملت وجود دارد. اما فقط در همين 
حد و نه يك نقش اجرايي. 
قدرت كرزاي نشان دهنده نفوذ چشمگير كشوري است كه از او حمايت مي كند، يعني ايالات 
 متحده. از جنگ سالاران گوشه و كنار افغانستان گرفته تا وزرايي كه براي دستيابي به 
پستي در كابل با هم رقابت مي كنند، همه و همه پول و توان نظامي آمريكا را منشا 
نهايي قدرت در افغانستان مي دانند. اما آمريكايي ها نمي توانند وقايع و آنچه بايد 
روي دهد را تك به تك ديكته كنند. آنها نمي توانند اين خطر را بپذيرند كه شوراي 
بزرگان يا لويه جرگه نهادي تحت كنترل خارجي ها وانمود شود. زيرا افغانستان كشوري 
است كه به شدت در برابر سلطه خارجي مقاومت مي كند و اگر اين تلقي ايجاد شود كه 
لويه جرگه از آمريكا فرمان مي برد، وضع دشواري ايجاد مي شود. 
انتخاب احتمالي كرزاي او را در راس يك دولت مركزي ضعيف ابقا مي كند كه در تلاش است 
اقتدار خود را به خارج از كابل گسترش دهد. گذشته از انتخاب كرزاي، درباره موارد 
ديگر توافق چنداني وجود ندارد. 
حساس ترين موضوعي كه همچنان حل نشده باقي مانده، وضعيت سه وزير با نفوذ دولت موقت 
است كه همگي تاجيك بوده و همه آنها زماني با اتحاد شمال در ارتباط بوده اند. آيا 
نفوذ و قدرت جايگاه آنها بايد كاهش يابد و اگر بايد،؟ چگونه اين سه نفر، ژنرال 
محمد فهيم وزير دفاع، يونس قانوني و عبدالله وزراي كشور و خارجه سه پست مهم را در 
دولت به عهده دارند. اين موضوع پشتون ها را خشمگين كرده است. علاوه بر پشتون ها كه 
در جنوب و شرق افغانستان قدرت دارند، رهبران شمال و غرب نيز از قدرت يافتن اين سه 
نفر خشنود نيستند و مي گويند، ازبك ها و هزاره ها، دو گروه قومي ديگر در دولت 
نماينده با نفوذي ندارند. 
يك ديپلمات غربي با اشاره به رهبران اتحاد شمال مي گويد: وقتي پنجشيري ها قدرتمند 
ظاهر شده و پشتون ها نفوذ خود را از دست مي دهند، اين باعث بي ثباتي مي شود. 
ديپلمات هاي غربي و رهبران بانفوذ در كابل در روزهاي اخير در چندين نشست درباره 
وضعيت دولت جديد گفتگو كرده اند. يكي از اين نشست ها جمعه شب گذشته برگزار شد و 
كرزاي و عده اي از وزراي قدرتمند و مشاوران بلندپايه او در آن شركت سه كردند وزير 
اتحاد شمال و اشرف غني از مشاوران بانفوذ كرزاي كه از پشتون هاست از جمله 
شركت كنندگان در اين نشست بوده اند. 
دكتر عبدالله دو روز پيش در مصاحبه اي گفت كه از كرزاي حمايت مي كند اما اين راهم 
گفت كه ما گفتگوهايي را بين گروه هاي مختلف آغاز كرده ايم تا از موفقيت لويه جرگه 
اطمينان حاصل كنيم. 
دكتر عبدالله همچنين گفت كه اگر كناره گيري او به كشور كمك مي كند، اين كار را 
خواهد كرد. ظاهرشاه نيز با هيات هايي از پشتون ها از سراسر كشور ديدار كرده است. 
هزاران تن از اين پشتون ها با ريش هاي انبوه و در لباس هاي مخصوص خود از سراسر 
افغانستان براي تبريك بازگشت شاه سابق نزد او رفته اند. 
همه آنها خواستار احياء سلطنت هستند. اما بسياري مي گويند دولتي را كه شاه سابق 
تاييد كند مي پذيرند. 
رهبران پشتون در جنوب و شرق بسيار اميدوارند كه لويه جرگه عدم تعادل قومي را كه 
اكنون در دولت مي بينند، برطرف كند. حتي فرماندهان سابق اتحاد شمال نيز كه احساس 
مي كنند در مذاكرات براي تشكيل دولت موقت بازنده شده اند، اين نشست را امكاني براي 
بازيافتن نفوذ و قدرت خود مي بينند. ژنرال عبدالرشيد دوستم و اسماعيل خان از اين 
گروه هستند. در اين روند برخي هم بازنده خواهند شد. دكتر عبدالله گفته است كه تعداد 
زياد وزراي دولت كاهش مي يابد. همچنين صحبت از تشكيل پارلمان يا مجمعي است كه 
گروه هاي بيشتري را در دولت مشاركت دهد. 
بعد از آن كه دولت جديد دوره 18 ماهه مسئوليت خود را طي كرد انتخابات برگزار 
مي شود و شورايي ديگر، قانون اساسي را تدوين مي كند. 
",Miscellaneous.World News
